_id,isPb,wpm,acc,rawWpm,consistency,charStats,mode,mode2,quoteLength,restartCount,testDuration,afkDuration,incompleteTestSeconds,punctuation,numbers,language,funbox,difficulty,lazyMode,blindMode,bailedOut,tags,timestamp
67c602989707b5a8a84a4a88,,26.4,81.82,52.8,64.03,33;7;0;0,time,15,-1,1,15,0,4.18,false,false,english,none,normal,false,false,false,,1741030040000
67c602819707b5a8a84a4907,,43.2,83.12,61.6,71.67,54;8;1;0,time,15,-1,0,15,0,0,false,false,english,none,normal,false,false,false,,1741030017000
67c601a69707b5a8a84a3a9f,,36.8,83.58,53.6,69.56,46;7;1;0,time,15,-1,0,15,0,0,false,false,english,none,normal,false,false,false,,1741029798000
67c601959707b5a8a84a397c,,40.76,88.24,54.35,65.02,51;5;0;0,time,15,-1,0,15.01,0,0,false,false,english,none,normal,false,false,false,,1741029781000
67bffc979707b5a8a807707d,,7.99,84.21,15.19,0,10;1;1;0,time,15,-1,0,15.01,4,0,false,false,english,none,normal,false,false,false,,1740635287000
67bffc869707b5a8a8076fd9,,46.39,91.89,59.19,73.87,58;3;0;0,time,15,-1,0,15,0,0,false,false,english,none,normal,false,false,false,,1740635270000
67bffc749707b5a8a8076f16,,53.59,94.81,61.59,82.77,67;2;0;1,time,15,-1,0,15,0,0,false,false,english,none,normal,false,false,false,,1740635252000
67bf3f549707b5a8a8fe750c,,23.18,78.33,47.97,67.09,29;7;0;0,time,15,-1,2,15.01,0,2.58,false,false,english,none,normal,false,false,false,,1740586836000
67bf18199707b5a8a8fbaa3c,,56.75,100,56.75,68.7,71;0;0;0,time,15,-1,0,15.01,0,0,false,false,english,none,normal,false,false,false,,1740576793000
67bf18089707b5a8a8fba940,,47.16,91.67,57.55,78.22,59;2;2;0,time,15,-1,0,15.01,0,0,false,false,english,none,normal,false,false,false,,1740576776000
67bf17f69707b5a8a8fba82e,,41.6,87.14,55.99,63.59,52;6;0;0,time,15,-1,0,15,0,0,false,false,english,none,normal,false,false,false,,1740576758000
67b0dc8e6de0b0fec4680582,,47.18,92.96,56.78,66.86,59;3;0;0,time,15,-1,0,15.01,0,0,false,false,english,none,normal,false,false,false,,1739644046000
67b0dc7d6de0b0fec46804cd,,42.39,88.73,56.79,73.88,53;4;1;1,time,15,-1,2,15,0,15.54,false,false,english,none,normal,false,false,false,,1739644029000
67b0d4626de0b0fec467afea,,45.6,89.04,58.4,76.43,57;5;0;0,time,15,-1,1,15,0,2.03,false,false,english,none,normal,false,false,false,,1739641953000
67b0c7176de0b0fec4671d5e,,29.6,89.06,51.19,76.62,37;3;0;1,time,15,-1,1,15,0,0.92,false,false,english,none,normal,false,false,false,,1739638551000
67b0c7046de0b0fec4671c79,,35.17,84.85,52.76,72.73,44;7;0;0,time,15,-1,1,15.01,0,1.88,false,false,english,none,normal,false,false,false,,1739638532000
67b0c6f06de0b0fec4671b8b,,33.59,88.06,53.58,71.84,42;4;1;0,time,15,-1,1,15.01,0,8.58,false,false,english,none,normal,false,false,false,,1739638512000
67b0c6d56de0b0fec4671a4c,,39.19,90.63,51.18,60.37,49;3;0;0,time,15,-1,2,15,0,3.91,false,false,english,none,normal,false,false,false,,1739638485000
67b0c6be6de0b0fec467192d,,43.17,93.85,51.97,75.19,54;2;0;0,time,15,-1,1,15.01,0,3.71,false,false,english,none,normal,false,false,false,,1739638462000
67b0c4b16de0b0fec4670343,,26.37,84.38,51.14,73.67,33;5;0;2,time,15,-1,0,15.02,0,0,false,false,english,none,normal,false,false,false,,1739637937000
67b0c49f6de0b0fec4670279,,28.8,84.85,52.79,68.08,36;5;0;0,time,15,-1,0,15,0,0,false,false,english,none,normal,false,false,false,,1739637919000
67b0c48c6de0b0fec46701c3,,53.57,97.18,56.76,70.66,67;1;0;0,time,15,-1,0,15.01,0,0,false,false,english,none,normal,false,false,false,,1739637900000
67aa5086c60cdb1842afeffb,,51.2,97.1,55.2,67.47,64;1;0;0,time,15,-1,0,15,0,0,false,false,english,none,normal,false,false,false,,1739214982000
67aa5074c60cdb1842afeef9,,31.2,79.71,55.2,76.45,39;9;0;0,time,15,-1,0,15,0,0,false,false,english,none,normal,false,false,false,,1739214964000
67aa5061c60cdb1842afedc5,,30.39,77.27,51.98,67.02,38;8;2;1,time,15,-1,0,15.01,0,0,false,false,english,none,normal,false,false,false,,1739214945000
67a50e508049ddd215c4c95e,,41.6,90.77,52,73.8,52;3;0;0,time,15,-1,0,15,0,0,false,false,english,none,normal,false,false,false,,1738870352000
67a50e3f8049ddd215c4c866,,43.97,86.49,59.16,73.87,55;6;1;0,time,15,-1,0,15.01,0,0,false,false,english,none,normal,false,false,false,,1738870335000
67a50e2d8049ddd215c4c750,,36,83.56,58.39,64.13,45;7;0;0,time,15,-1,0,15,0,0,false,false,english,none,normal,false,false,false,,1738870317000
67a50e1a8049ddd215c4c62e,,29.59,84.75,47.18,39.88,37;3;4;0,time,15,-1,0,15.01,1,0,false,false,english,none,normal,false,false,false,,1738870298000
67a50b448049ddd215c496c6,,48.76,90.79,60.75,74.55,61;3;1;0,time,15,-1,2,15.01,0,4.67,false,false,english,none,normal,false,false,false,,1738869572000
67a50b288049ddd215c494de,,46.37,95.52,53.56,77.07,58;1;1;0,time,15,-1,1,15.01,0,6.53,false,false,english,none,normal,false,false,false,,1738869544000
67a50aed8049ddd215c490ea,,49.6,97.01,53.6,68.48,62;1;0;0,time,15,-1,5,15,0,31.25,false,false,english,none,normal,false,false,false,,1738869485000
67a50a9d8049ddd215c48bbe,,53.57,94.94,63.16,77.57,67;2;0;0,time,15,-1,0,15.01,0,0,false,false,english,none,normal,false,false,false,,1738869405000
67a3947f8049ddd215b21cac,,31.97,81.82,52.75,72.73,40;7;1;0,time,15,-1,0,15.01,0,0,false,false,english,none,normal,false,false,false,,1738773631000
67a3946e8049ddd215b21b86,,43.98,89.71,54.37,73.45,55;5;0;1,time,15,-1,0,15.01,0,0,false,false,english,none,normal,false,false,false,,1738773614000
67a3945c8049ddd215b21a41,,41.58,83.54,63.17,73.63,52;8;1;0,time,15,-1,0,15.01,0,0,false,false,english,none,normal,false,false,false,,1738773596000
67a3944b8049ddd215b21908,,33.59,82.54,50.38,67.24,42;6;1;0,time,15,-1,0,15.01,0,0,false,false,english,none,normal,false,false,false,,1738773579000
67a393d48049ddd215b2102a,,49.58,92.11,60.78,81.67,62;3;0;0,time,15,-1,0,15.01,0,0,false,false,english,none,normal,false,false,false,,1738773460000
67a393c28049ddd215b20ecb,,43.19,86.3,58.39,78.96,54;5;1;0,time,15,-1,0,15,0,0,false,false,english,none,normal,false,false,false,,1738773442000
67a25c5b8049ddd215a3e423,,47.2,87.84,59.2,69.07,59;6;0;1,time,15,-1,0,15,0,0,false,false,english,none,normal,false,false,false,,1738693723000
67a25c238049ddd215a3e05a,,44.76,90.91,52.76,61.27,56;4;0;0,time,15,-1,0,15.01,0,0,false,false,english,none,normal,false,false,false,,1738693667000
67a25bee8049ddd215a3dc9c,,36.78,84.51,56.77,69.66,46;6;0;0,time,15,-1,0,15.01,0,0,false,false,english,none,normal,false,false,false,,1738693614000
67a25a688049ddd215a3c239,,38.38,84.72,57.56,74.54,48;6;0;0,time,15,-1,0,15.01,0,0,false,false,english,none,normal,false,false,false,,1738693224000
67a25a578049ddd215a3c0f0,,43.2,83.78,59.2,73.87,54;7;1;1,time,15,-1,1,15,0,2.61,false,false,english,none,normal,false,false,false,,1738693207000
67a25a2c8049ddd215a3bde7,,53.57,93.67,63.17,83.79,67;3;0;0,time,15,-1,0,15.01,0,0,false,false,english,none,normal,false,false,false,,1738693164000
67a259cf8049ddd215a3b7cf,,36,84.85,52.8,74.02,45;6;1;0,time,15,-1,0,15,0,0,false,false,english,none,normal,false,false,false,,1738693071000
67a259be8049ddd215a3b6bb,,47.19,92.65,54.39,72.25,59;3;0;0,time,15,-1,1,15,0,2.61,false,false,english,none,normal,false,false,false,,1738693054000
67a259a98049ddd215a3b56b,,25.57,77.61,53.55,78.58,32;9;0;0,time,15,-1,0,15.02,0,0,false,false,english,none,normal,false,false,false,,1738693033000
67a259988049ddd215a3b453,,25.58,75.34,58.35,78.96,32;10;2;1,time,15,-1,0,15.01,0,0,false,false,english,none,normal,false,false,false,,1738693015000
67a259878049ddd215a3b348,,37.57,75.71,55.95,69.03,47;11;2;0,time,15,-1,0,15.01,0,0,false,false,english,none,normal,false,false,false,,1738692999000
67a259768049ddd215a3b220,,43.99,87.01,61.59,81.36,55;6;0;0,time,15,-1,0,15,0,0,false,false,english,none,normal,false,false,false,,1738692982000
67a259658049ddd215a3b0ff,,30.39,81.33,59.98,78.09,38;7;1;0,time,15,-1,0,15.01,0,0,false,false,english,none,normal,false,false,false,,1738692965000
679a14a0ba6f758164295879,,24.78,77.78,50.35,68.42,31;8;0;0,time,15,-1,0,15.01,0,0,false,false,english,none,normal,false,false,false,,1738151072000
679a148fba6f7581642957b8,,19.99,75.41,48.77,58.43,25;8;1;0,time,15,-1,1,15.01,1,3.74,false,false,english,none,normal,false,false,false,,1738151055000
679a1477ba6f75816429569f,,39.18,80.3,52.77,74.02,49;9;1;1,time,15,-1,0,15.01,0,0,false,false,english,none,normal,false,false,false,,1738151031000
679a13d6ba6f758164294fe3,,49.59,94.52,58.39,78.96,62;2;0;0,time,15,-1,0,15,0,0,false,false,english,none,normal,false,false,false,,1738150870000
6798afa9ba6f75816418d7b1,,42.36,92.19,51.16,71.02,53;3;0;0,time,15,-1,1,15.01,0,5.55,false,false,english,none,normal,false,false,false,,1738059689000
6798af92ba6f75816418d6b4,,40.78,86.96,55.17,66.52,51;5;1;1,time,15,-1,1,15.01,0,9.38,false,false,english,none,normal,false,false,false,,1738059666000
6798af09ba6f75816418d0a5,,38.39,90.48,50.39,54.71,48;4;0;0,time,15,-1,2,15,0,13.83,false,false,english,none,normal,false,false,false,,1738059529000
6798aee6ba6f75816418cf45,,46.35,91.25,63.94,78.71,58;2;2;0,time,15,-1,0,15.02,0,0,false,false,english,none,normal,false,false,false,,1738059494000
67951f7249deeea627bd19ef,,39.97,82.19,58.36,74.15,50;9;0;1,time,15,-1,0,15.01,0,0,false,false,english,none,normal,false,false,false,,1737826162000
67951f6149deeea627bd193f,,32.79,85,47.99,71.13,41;5;0;1,time,15,-1,0,15,0,0,false,false,english,none,normal,false,false,false,,1737826145000
67951f4f49deeea627bd187b,,31.98,81.25,51.17,62.26,40;7;1;0,time,15,-1,0,15.01,0,0,false,false,english,none,normal,false,false,false,,1737826127000
67951f3a49deeea627bd179e,,38.38,78.95,60.76,74.55,48;8;3;0,time,15,-1,0,15.01,0,0,false,false,english,none,normal,false,false,false,,1737826106000
678f6ad349deeea6277c5da3,,47.99,94.29,55.99,81.37,60;2;0;0,time,15,-1,0,15,0,0,false,false,english,none,normal,false,false,false,,1737452243000
678910dd49deeea6273b1c2e,,42.35,89.86,55.13,80.88,53;4;0;0,time,15,-1,0,15.02,0,0,false,false,english,none,normal,false,false,false,,1737035997000
677c24be33ee27aa12a5deb5,,39.18,93.44,48.78,68.3,49;2;0;0,time,15,-1,4,15.01,0,13.54,false,false,english,none,normal,false,false,false,,1736189118000
677c249933ee27aa12a5dcfc,,33.58,85.71,55.97,74.45,42;5;1;0,time,15,-1,0,15.01,0,0,false,false,english,none,normal,false,false,false,,1736189081000
676c0b5998949642937c473d,,41.56,91.43,55.95,81.37,52;3;0;0,time,15,-1,2,15.01,0,2.22,false,false,english,none,normal,false,false,false,,1735134041000
676b12c698949642937521bf,,37.58,90.48,50.38,61.92,47;3;1;0,time,15,-1,2,15.01,0,2.57,false,false,english,none,normal,false,false,false,,1735070406000
676b12ac9894964293752108,,49.57,94.44,57.57,84.41,62;2;0;0,time,15,-1,0,15.01,0,0,false,false,english,none,normal,false,false,false,,1735070380000
676b129b9894964293752089,,20.78,80.7,45.55,57.93,26;6;0;1,time,15,-1,1,15.02,0,14.88,false,false,english,none,normal,false,false,false,,1735070363000
676aebc2989496429373c46b,,45.6,92.75,55.2,82.61,57;3;0;0,time,15,-1,0,15,0,0,false,false,english,none,normal,false,false,false,,1735060418000
676aebb1989496429373c3bf,,44.74,91.3,55.13,79.3,56;4;0;0,time,15,-1,1,15.02,0,4.37,false,false,english,none,normal,false,false,false,,1735060401000
676aeb9a989496429373c2cd,,44.78,89.47,60.78,83.15,56;5;0;0,time,15,-1,1,15.01,0,3.97,false,false,english,none,normal,false,false,false,,1735060378000
6766f95d1df1c69f158bc5eb,,51.18,97.06,54.38,80.49,64;1;0;0,time,15,-1,1,15.01,0,3.06,false,false,english,none,normal,false,false,false,,1734801757000
6766f9471df1c69f158bc4fc,,26.38,80.95,50.37,61.92,33;5;2;0,time,15,-1,0,15.01,0,0,false,false,english,none,normal,false,false,false,,1734801735000
6766f9361df1c69f158bc44f,,43.19,91.18,54.38,70.01,54;3;0;0,time,15,-1,0,15,0,0,false,false,english,none,normal,false,false,false,,1734801718000
6766f9241df1c69f158bc38e,,40.77,91.43,55.96,76.97,51;3;1;0,time,15,-1,0,15.01,0,0,false,false,english,none,normal,false,false,false,,1734801700000
6766f90f1df1c69f158bc2c2,,50.37,92,59.97,78.09,63;3;1;0,time,15,-1,0,15.01,0,0,false,false,english,none,normal,false,false,false,,1734801679000
6766b09f1df1c69f1588e951,,47.99,95.45,52.79,70.31,60;2;0;0,time,15,-1,4,15,0,34.58,false,false,english,none,normal,false,false,false,,1734783135000
6766b05b1df1c69f1588e6d4,,44.79,93.85,51.98,71.22,56;2;0;0,time,15,-1,0,15,0,0,false,false,english,none,normal,false,false,false,,1734783067000
6766b03a1df1c69f1588e5a4,,43.18,94.92,47.17,71.44,54;2;0;0,time,15,-1,6,15.01,0,31.98,false,false,english,none,normal,false,false,false,,1734783034000
6766afe01df1c69f1588e25e,,50.39,88.31,61.58,87.96,63;5;2;0,time,15,-1,0,15,0,0,false,false,english,none,normal,false,false,false,,1734782944000
6761c5301df1c69f155642f3,,34.38,91.23,45.57,67.85,43;3;0;0,time,15,-1,0,15.01,0,0,false,false,english,none,normal,false,false,false,,1734460720000
6761c51f1df1c69f155641bc,,45.59,94.03,53.59,74.32,57;2;0;2,time,15,-1,16,15,0,63.61,false,false,english,none,normal,false,false,false,,1734460703000
6761c4b21df1c69f15563a9f,,51.97,95.71,55.96,78.33,65;3;0;0,time,15,-1,0,15.01,0,0,false,false,english,none,normal,false,false,false,,1734460594000
6761c4a11df1c69f1556397c,,32.78,84.72,57.56,79.59,41;6;0;0,time,15,-1,3,15.01,0,14.05,false,false,english,none,normal,false,false,false,,1734460577000
6761c47d1df1c69f1556373a,,51.17,92.31,62.37,78.7,64;3;0;0,time,15,-1,1,15.01,0,1.91,false,false,english,none,normal,false,false,false,,1734460541000
6761c4691df1c69f155635de,,42.39,88.41,55.19,73.91,53;4;1;0,time,15,-1,1,15,0,2.38,false,false,english,none,normal,false,false,false,,1734460521000
6761c37f1df1c69f155626aa,,34.39,83.82,54.39,68.95,43;6;1;0,time,15,-1,0,15,0,0,false,false,english,none,normal,false,false,false,,1734460287000
6761c36c1df1c69f1556257a,,48.79,93.15,58.39,83.45,61;3;0;0,time,15,-1,0,15,0,0,false,false,english,none,normal,false,false,false,,1734460268000
6761c2371df1c69f15561121,,35.59,88.28,47.79,70.84,178;11;8;0,time,60,-1,0,60.01,0,0,false,false,english,none,normal,false,false,false,,1734459959000
676076e31df1c69f1546f58f,true,42,92.66,51.8,74.1,210;9;1;1,time,60,-1,3,60,0,63.54,false,false,english,none,normal,false,false,false,,1734375139000
676074891df1c69f1546ceea,true,36.6,85.98,52.79,74.02,183;21;2;5,time,60,-1,0,60.01,0,0,false,false,english,none,normal,false,false,false,,1734374537000
676074481df1c69f1546ca77,,34.38,83.82,54.37,68.95,43;8;0;0,time,15,-1,1,15.01,0,4.53,false,false,english,none,normal,false,false,false,,1734374472000
6760741f1df1c69f1546c7c1,,50.38,90.28,57.58,75.71,63;5;0;1,time,15,-1,0,15,0,0,false,false,english,none,normal,false,false,false,,1734374431000
67606fb81df1c69f15467ee5,,34.79,83.58,53.59,74.98,87;13;1;0,time,30,-1,1,30,0,7.98,false,false,english,none,normal,false,false,false,,1734373304000
675d8e751df1c69f152ab945,,39.17,87.4,50.76,71.6,98;10;1;1,time,30,-1,2,30.02,0,6.64,false,false,english,none,normal,false,false,false,,1734184565000
675d8e4b1df1c69f152ab79f,,43.18,89.86,55.17,77.83,108;9;0;2,time,30,-1,4,30.02,0,18.35,false,false,english,none,normal,false,false,false,,1734184523000
675d8e111df1c69f152ab547,true,47.19,94.03,53.59,77.07,118;3;2;0,time,30,-1,0,30,0,0,false,false,english,none,normal,false,false,false,,1734184465000
675d8def1df1c69f152ab3de,,37.99,88.28,51.19,75.1,95;7;2;0,time,30,-1,3,30.01,0,20.65,false,false,english,none,normal,false,false,false,,1734184431000
675d8db41df1c69f152ab16f,,36.39,85.29,54.38,70.55,91;12;0;0,time,30,-1,1,30.01,0,1.2,false,false,english,none,normal,false,false,false,,1734184372000
675d8d6e1df1c69f152aaeb1,,39.59,90.15,52.78,70.31,99;7;0;0,time,30,-1,0,30.01,0,0,false,false,english,none,normal,false,false,false,,1734184302000
675d8d3e1df1c69f152aacbf,,42.78,91.73,53.17,70.49,107;5;2;0,time,30,-1,0,30.02,0,0,false,false,english,none,normal,false,false,false,,1734184254000
675d8d101df1c69f152aaacf,,43.6,90.51,54.8,66.71,109;8;0;0,time,30,-1,0,30,0,0,false,false,english,none,normal,false,false,false,,1734184208000
675d8cf01df1c69f152aa971,,32.77,84.73,52.34,72.6,82;11;1;1,time,30,-1,0,30.03,0,0,false,false,english,none,normal,false,false,false,,1734184176000
675d67761df1c69f152945b1,,21.59,80.36,44.79,66.89,27;7;0;0,time,15,-1,0,15,0,0,false,false,english,none,normal,false,false,false,,1734174582000
675d67641df1c69f15294512,,17.6,76.6,37.6,39.97,22;3;4;0,time,15,-1,1,15,3,3.74,false,false,english,none,normal,false,false,false,,1734174564000
675d672b1df1c69f15294341,,15.2,77.78,43.19,58.46,19;6;0;2,time,15,-1,0,15,0,0,false,false,english,none,normal,false,false,false,,1734174507000
675d671a1df1c69f152942a8,,27.2,80,48,53.52,34;7;0;6,time,15,-1,0,15,0,0,false,false,english,none,normal,false,false,false,,1734174490000
675d67091df1c69f15294225,,31.17,78.26,55.15,80.88,39;8;1;0,time,15,-1,0,15.01,0,0,false,false,english,none,normal,false,false,false,,1734174473000
675d66f71df1c69f15294198,,36.76,90.32,49.55,68.32,46;3;0;0,time,15,-1,0,15.02,0,0,false,false,english,none,normal,false,false,false,,1734174455000
675d66e71df1c69f152940ef,,29.59,77.19,45.58,70.86,37;9;0;0,time,15,-1,0,15.01,0,0,false,false,english,none,normal,false,false,false,,1734174439000
675d66d51df1c69f15294058,,39.97,92.86,55.96,78.33,50;2;0;1,time,15,-1,0,15.01,0,0,false,false,english,none,normal,false,false,false,,1734174421000
675d66c41df1c69f15293fc7,,35.99,88.71,49.58,73.7,45;4;0;0,time,15,-1,0,15.01,0,0,false,false,english,none,normal,false,false,false,,1734174404000
675d66b31df1c69f15293f2d,,30.4,81.82,52.79,75.38,38;8;0;0,time,15,-1,0,15,0,0,false,false,english,none,normal,false,false,false,,1734174387000
675d66a11df1c69f15293e9c,,39.16,90.32,49.55,67.11,49;3;0;0,time,15,-1,1,15.01,0,26.4,false,false,english,none,normal,false,false,false,,1734174369000
675d665b1df1c69f15293c5e,,46.39,94.37,56.79,68.7,58;2;0;0,time,15,-1,0,15,0,0,false,false,english,none,normal,false,false,false,,1734174299000
675d664a1df1c69f15293bd2,,22.4,78.43,40.8,53.5,28;5;3;0,time,15,-1,2,15,0,8.21,false,false,english,none,normal,false,false,false,,1734174282000
675d662d1df1c69f15293ac8,,32.79,84.72,57.59,76.93,41;6;0;0,time,15,-1,0,15,0,0,false,false,english,none,normal,false,false,false,,1734174253000
675d661b1df1c69f15293a22,,39.98,89.71,54.37,78.89,50;4;0;0,time,15,-1,0,15.01,0,0,false,false,english,none,normal,false,false,false,,1734174235000
675d66051df1c69f15293975,,50.36,94.37,56.76,77.55,63;2;0;0,time,15,-1,3,15.01,0,14.58,false,false,english,none,normal,false,false,false,,1734174213000
675d656c1df1c69f152934aa,,55.09,97.3,59.08,79.78,69;1;0;0,time,15,-1,1,15.03,0,7.49,false,false,english,none,normal,false,false,false,,1734174060000
675a8f521df1c69f1509f25e,,44.8,92.19,51.19,76.62,56;3;0;0,time,15,-1,0,15,0,0,false,false,english,none,normal,false,false,false,,1733988178000
675a8f401df1c69f1509f1b3,,28.78,85.25,48.77,77.17,36;5;1;0,time,15,-1,0,15.01,0,0,false,false,english,none,normal,false,false,false,,1733988160000
675a8f2e1df1c69f1509f10d,,49.58,93.42,60.78,81.67,62;3;0;0,time,15,-1,0,15.01,0,0,false,false,english,none,normal,false,false,false,,1733988142000
675a8edf1df1c69f1509ee0d,,31.98,81.25,51.18,71.02,40;8;0;0,time,15,-1,1,15.01,0,2.46,false,false,english,none,normal,false,false,false,,1733988063000
675a8e551df1c69f1509e8af,,41.6,89.86,55.2,69.47,52;5;0;1,time,15,-1,0,15,0,0,false,false,english,none,normal,false,false,false,,1733987925000
675a8d4d1df1c69f1509defb,,31.19,85.71,50.38,75.1,39;5;0;1,time,15,-1,3,15.01,0,26.72,false,false,english,none,normal,false,false,false,,1733987661000
675a8d061df1c69f1509dc76,,39.99,89.55,53.58,81.97,50;5;0;1,time,15,-1,0,15,0,0,false,false,english,none,normal,false,false,false,,1733987590000
675a8cf41df1c69f1509dbe4,,44.76,87.5,57.55,71.34,56;3;3;0,time,15,-1,1,15.01,0,2.56,false,false,english,none,normal,false,false,false,,1733987572000
675a8cdd1df1c69f1509db2a,,41.54,91.3,55.12,65.59,52;3;0;0,time,15,-1,0,15.02,0,0,false,false,english,none,normal,false,false,false,,1733987549000
675a8cca1df1c69f1509da76,,41.58,93.94,52.77,78.36,52;2;0;0,time,15,-1,0,15.01,0,0,false,false,english,none,normal,false,false,false,,1733987530000
675a8cb81df1c69f1509d9be,,43.98,92.75,55.17,65.59,55;3;0;0,time,15,-1,0,15.01,0,0,false,false,english,none,normal,false,false,false,,1733987512000
675a8ca61df1c69f1509d91a,,40.78,88.89,57.57,78.22,51;6;0;0,time,15,-1,0,15.01,0,0,false,false,english,none,normal,false,false,false,,1733987494000
675a8c951df1c69f1509d874,,42.36,91.04,53.54,62.67,53;4;0;1,time,15,-1,0,15.02,0,0,false,false,english,none,normal,false,false,false,,1733987477000
675a8c831df1c69f1509d7d6,,47.96,91.78,58.35,78.96,60;3;1;0,time,15,-1,1,15.01,0,7.43,false,false,english,none,normal,false,false,false,,1733987459000
675a8c5f1df1c69f1509d674,,35.18,87.69,51.97,73.8,44;5;0;0,time,15,-1,0,15.01,0,0,false,false,english,none,normal,false,false,false,,1733987423000
675a8c1b1df1c69f1509d3ff,,39.13,86.15,51.91,76.67,49;6;0;0,time,15,-1,0,15.03,0,0,false,false,english,none,normal,false,false,false,,1733987355000
6759c9fa1df1c69f1501a911,,31.2,86.44,47.2,74.63,39;4;0;0,time,15,-1,0,15,0,0,false,false,english,none,normal,false,false,false,,1733937658000
6759c9e81df1c69f1501a7df,,34.39,86.67,47.99,79.59,43;5;0;0,time,15,-1,1,15,0,14.77,false,false,english,none,normal,false,false,false,,1733937640000
6759c9c81df1c69f1501a583,,29.59,86.21,46.38,67.47,37;6;0;0,time,15,-1,0,15.01,0,0,false,false,english,none,normal,false,false,false,,1733937608000
6759c9b51df1c69f1501a43a,,47.19,96.88,51.19,75.1,59;1;0;0,time,15,-1,0,15,0,0,false,false,english,none,normal,false,false,false,,1733937589000
6759c9a21df1c69f1501a2df,,42.38,89.39,52.78,75.38,53;4;1;0,time,15,-1,3,15.01,0,7.52,false,false,english,none,normal,false,false,false,,1733937570000
6759c9851df1c69f1501a0b9,,35.18,82.86,55.97,69.03,44;7;0;0,time,15,-1,1,15.01,0,0.09,false,false,english,none,normal,false,false,false,,1733937541000
6759c9711df1c69f15019f38,,43.18,91.18,54.38,76.02,54;3;0;0,time,15,-1,0,15.01,0,0,false,false,english,none,normal,false,false,false,,1733937521000
6759c87e1df1c69f15018e2e,,36.76,90.16,48.75,69.6,46;2;1;0,time,15,-1,1,15.02,0,7.14,false,false,english,none,normal,false,false,false,,1733937278000
6759c8641df1c69f15018c5e,,34.39,83.33,52.78,63.09,43;6;1;0,time,15,-1,7,15.01,0,25.1,false,false,english,none,normal,false,false,false,,1733937252000
6759c5a21df1c69f15015ba1,,41.6,90,56,73.28,52;4;0;0,time,15,-1,0,15,0,0,false,false,english,none,normal,false,false,false,,1733936546000
6759c58d1df1c69f15015a06,,51.99,97.14,55.99,74.45,65;1;0;0,time,15,-1,0,15,0,0,false,false,english,none,normal,false,false,false,,1733936525000
6759c57c1df1c69f150158ed,,35.2,91.67,48,75.85,44;3;0;0,time,15,-1,0,15,0,0,false,false,english,none,normal,false,false,false,,1733936508000
6759c56a1df1c69f150157bd,,32.78,76.81,55.17,72.73,41;10;2;0,time,15,-1,0,15.01,0,0,false,false,english,none,normal,false,false,false,,1733936490000
6759c5581df1c69f15015679,,31.98,82.81,51.17,79.99,40;7;0;2,time,15,-1,0,15.01,0,0,false,false,english,none,normal,false,false,false,,1733936472000
6759c4e01df1c69f15014e61,,35.17,76.06,56.75,68.7,44;11;1;0,time,15,-1,0,15.01,0,0,false,false,english,none,normal,false,false,false,,1733936352000
6751f96044765f7d6c987abd,,55.2,95.83,57.6,86.39,69;3;0;0,time,15,-1,0,15,0,0,false,false,english,none,normal,false,false,false,,1733425504000
6751f94d44765f7d6c987970,,44.75,92.65,54.34,74.7,56;3;0;0,time,15,-1,0,15.02,0,0,false,false,english,none,normal,false,false,false,,1733425485000
6751f6de44765f7d6c9850dc,,37.58,84.85,52.78,68.08,47;7;0;0,time,15,-1,0,15.01,0,0,false,false,english,none,normal,false,false,false,,1733424862000
6751f5bb44765f7d6c983d57,true,59.94,100,59.94,75.78,75;0;0;0,time,15,-1,2,15.01,0,19.06,false,false,english,none,normal,false,false,false,,1733424571000
6751e27f44765f7d6c96e7b9,,45.53,87.5,57.52,74.54,57;5;1;0,time,15,-1,1,15.02,0,8.99,false,false,english,none,normal,false,false,false,,1733419647000
6751a55444765f7d6c929288,true,59.19,100,59.19,76.05,74;0;0;0,time,15,-1,1,15,0,13.46,false,false,english,none,normal,false,false,false,,1733403988000
6751a4e044765f7d6c928bda,,53.55,97.26,58.34,80.34,67;1;0;0,time,15,-1,3,15.02,0,8.7,false,false,english,none,normal,false,false,false,,1733403872000
6751a47744765f7d6c9285c2,,37.59,85.48,49.59,70.88,47;7;0;0,time,15,-1,2,15,0,11.48,false,false,english,none,normal,false,false,false,,1733403767000
6751a45844765f7d6c928408,,43.99,95,47.99,75.85,55;2;0;0,time,15,-1,0,15,0,0,false,false,english,none,normal,false,false,false,,1733403736000
6751a44444765f7d6c9282c9,,32.78,86.67,47.97,63.5,41;4;0;1,time,15,-1,0,15.01,0,0,false,false,english,none,normal,false,false,false,,1733403716000
6751a42d44765f7d6c928178,,30.39,87.93,46.38,70.34,38;4;0;0,time,15,-1,1,15.01,0,4.38,false,false,english,none,normal,false,false,false,,1733403693000
675159a444765f7d6c8f2962,,36.77,83.33,52.75,75.38,46;6;1;0,time,15,-1,1,15.01,0,1.36,false,false,english,none,normal,false,false,false,,1733384612000
6751598f44765f7d6c8f285f,,43.17,98.36,48.76,70.95,54;0;0;1,time,15,-1,3,15.01,0,24.58,false,false,english,none,normal,false,false,false,,1733384591000
6751596044765f7d6c8f2654,,44.77,95.24,50.37,73.63,56;1;0;1,time,15,-1,1,15.01,0,1.19,false,false,english,none,normal,false,false,false,,1733384544000
6751594d44765f7d6c8f256e,,37.59,91.8,48.79,79.01,47;3;0;0,time,15,-1,0,15,0,0,false,false,english,none,normal,false,false,false,,1733384525000
6751593b44765f7d6c8f24b5,,48.79,96.97,52.79,72.73,61;1;0;0,time,15,-1,0,15,0,0,false,false,english,none,normal,false,false,false,,1733384507000
6751592a44765f7d6c8f240a,,31.17,80.3,52.74,74.02,39;8;1;1,time,15,-1,0,15.02,0,0,false,false,english,none,normal,false,false,false,,1733384490000
6751591744765f7d6c8f233a,,31.18,81.54,51.97,78.24,39;7;1;0,time,15,-1,0,15.01,0,0,false,false,english,none,normal,false,false,false,,1733384471000
67500cf686fa6e365f1ac2c6,true,58.38,100,58.38,83.45,73;0;0;0,time,15,-1,0,15.01,0,0,false,false,english,none,normal,false,false,false,,1733299446000
67500ce586fa6e365f1ac20a,,36.77,83.61,48.76,62.49,46;5;2;0,time,15,-1,0,15.01,0,0,false,false,english,none,normal,false,false,false,,1733299429000
67500cd386fa6e365f1ac144,,39.2,90.77,52,71.22,49;3;0;0,time,15,-1,0,15,0,0,false,false,english,none,normal,false,false,false,,1733299411000
67500cc086fa6e365f1ac07f,,25.58,83.05,47.16,63.5,32;6;0;0,time,15,-1,0,15.01,0,0,false,false,english,none,normal,false,false,false,,1733299392000
674ee3da86fa6e365f0c01e3,,26.39,75.41,48.78,67.06,33;10;1;0,time,15,-1,4,15.01,0,19.47,false,false,english,none,normal,false,false,false,,1733223386000
674ee3a886fa6e365f0bffe1,,35.18,87.3,50.37,67.24,44;5;0;0,time,15,-1,0,15.01,0,0,false,false,english,none,normal,false,false,false,,1733223336000
674ee39786fa6e365f0bff47,,34.36,86.44,47.15,65.94,43;5;0;0,time,15,-1,0,15.02,0,0,false,false,english,none,normal,false,false,false,,1733223319000
674ee36b86fa6e365f0bfd73,,19.99,76.92,41.58,62.23,25;7;0;0,time,15,-1,0,15.01,0,0,false,false,english,none,normal,false,false,false,,1733223275000
674ee35986fa6e365f0bfcb7,,32.79,88.71,49.59,67.11,41;4;0;0,time,15,-1,0,15,0,0,false,false,english,none,normal,false,false,false,,1733223257000
674ee34786fa6e365f0bfbef,,32.78,89.47,45.57,63.8,41;3;0;0,time,15,-1,0,15.01,0,0,false,false,english,none,normal,false,false,false,,1733223238000
674ee33586fa6e365f0bfb31,,25.57,78.13,51.14,71.02,32;9;0;0,time,15,-1,0,15.02,0,0,false,false,english,none,normal,false,false,false,,1733223221000
674ee19486fa6e365f0be9e3,,48.78,95.45,52.78,80.01,61;2;0;0,time,15,-1,1,15.01,0,8.28,false,false,english,none,normal,false,false,false,,1733222804000
674ee17186fa6e365f0be857,,35.16,87.88,52.74,76.82,44;4;0;1,time,15,-1,0,15.02,0,0,false,false,english,none,normal,false,false,false,,1733222769000
674e165386fa6e365f03b5d4,,43.98,100,43.98,69.04,55;0;0;0,time,15,-1,0,15.01,0,0,false,false,english,none,normal,false,false,false,,1733170771000
674e164286fa6e365f03b4eb,,41.59,90.63,51.19,69.79,52;4;0;0,time,15,-1,0,15,0,0,false,false,english,none,normal,false,false,false,,1733170753000
674e163086fa6e365f03b3f8,,41.58,93.75,51.17,76.62,52;2;0;0,time,15,-1,0,15.01,0,0,false,false,english,none,normal,false,false,false,,1733170736000
674e161f86fa6e365f03b2fb,,25.59,80,47.98,75.85,32;8;0;0,time,15,-1,1,15.01,0,11.37,false,false,english,none,normal,false,false,false,,1733170719000
674e160086fa6e365f03b16b,,34.36,89.06,51.14,73.67,43;4;0;0,time,15,-1,0,15.02,0,0,false,false,english,none,normal,false,false,false,,1733170688000
674e15ef86fa6e365f03b06f,,36.8,88.71,49.6,75.22,46;4;0;0,time,15,-1,0,15,0,0,false,false,english,none,normal,false,false,false,,1733170671000
674e15dc86fa6e365f03af69,,24.79,79.66,47.18,63.5,31;7;0;0,time,15,-1,0,15.01,0,0,false,false,english,none,normal,false,false,false,,1733170652000
674cc26686fa6e365ff3e2f8,,30.37,92.16,40.75,56.02,38;2;0;0,time,15,-1,0,15.02,2,0,false,false,english,none,normal,false,false,false,,1733083750000
674cc25486fa6e365ff3e246,,27.17,76.92,51.94,78.24,34;10;0;0,time,15,-1,0,15.02,0,0,false,false,english,none,normal,false,false,false,,1733083732000
674cc24086fa6e365ff3e177,,34.4,87.69,52,70.01,43;4;0;0,time,15,-1,0,15,0,0,false,false,english,none,normal,false,false,false,,1733083712000
674cc1f386fa6e365ff3de8b,,28,78.95,45.6,74.22,35;7;1;0,time,15,-1,0,15,0,0,false,false,english,none,normal,false,false,false,,1733083635000
674cc1e086fa6e365ff3ddc4,,31.16,87.1,49.54,60.64,39;4;0;0,time,15,-1,1,15.02,0,7.54,false,false,english,none,normal,false,false,false,,1733083616000
674cbe1386fa6e365ff3b893,,43.2,90.77,52,65.61,54;4;1;0,time,15,-1,3,15,0,12.05,false,false,english,none,normal,false,false,false,,1733082643000
674cbdec86fa6e365ff3b730,,31.96,81.03,46.34,63.6,40;8;0;0,time,15,-1,0,15.02,0,0,false,false,english,none,normal,false,false,false,,1733082604000
674cbddb86fa6e365ff3b696,,41.59,94.74,45.59,67.85,52;2;0;0,time,15,-1,0,15,0,0,false,false,english,none,normal,false,false,false,,1733082587000
674cbdca86fa6e365ff3b5f8,,17.6,75.86,46.4,73.51,22;9;0;0,time,15,-1,0,15,0,0,false,false,english,none,normal,false,false,false,,1733082570000
674cbdb986fa6e365ff3b55f,,28,82.54,50.4,72.24,35;6;1;0,time,15,-1,0,15,0,0,false,false,english,none,normal,false,false,false,,1733082553000
674cbda586fa6e365ff3b4ad,,28.79,82.54,50.38,66.11,36;6;1;0,time,15,-1,0,15,0,0,false,false,english,none,normal,false,false,false,,1733082533000
674cbd9086fa6e365ff3b3e6,,42.8,91.67,52.79,79.17,107;6;0;0,time,30,-1,0,30,0,0,false,false,english,none,normal,false,false,false,,1733082512000
673ccaa272e2e364f4ee03d5,,23.99,82.46,45.58,69.31,30;5;0;1,time,15,-1,0,15.01,0,0,false,false,english,none,normal,false,false,false,,1732037282000
673cc96872e2e364f4edec30,,30.39,89.29,44.78,68.36,38;3;0;0,time,15,-1,0,15.01,0,0,false,false,english,none,normal,false,false,false,,1732036968000
673cc95672e2e364f4edeaef,,39.18,96.36,43.98,57.01,49;1;0;0,time,15,-1,0,15.01,0,0,false,false,english,none,normal,false,false,false,,1732036950000
673cc63472e2e364f4edaeed,,40.79,91.18,54.39,70.01,51;3;0;0,time,15,-1,0,15,0,0,false,false,english,none,normal,false,false,false,,1732036148000
673cc62172e2e364f4edad88,,31.99,84.21,45.58,67.85,40;6;0;0,time,15,-1,0,15.01,0,0,false,false,english,none,normal,false,false,false,,1732036129000
673cc60e72e2e364f4edac44,,23.18,76.79,44.76,55.8,29;7;0;0,time,15,-1,0,15.01,0,0,false,false,english,none,normal,false,false,false,,1732036110000
673cc5fb72e2e364f4edab14,,29.58,79.37,50.36,76.67,37;8;0;0,time,15,-1,0,15.01,0,0,false,false,english,none,normal,false,false,false,,1732036091000
673cc3a072e2e364f4ed80b1,,20.79,78.13,51.17,65.28,26;6;1;6,time,15,-1,0,15.01,0,0,false,false,english,none,normal,false,false,false,,1732035488000
673cc38c72e2e364f4ed7f36,,52.8,97.18,56.8,85.64,66;1;0;0,time,15,-1,0,15,0,0,false,false,english,none,normal,false,false,false,,1732035468000
673cc37a72e2e364f4ed7de8,,35.99,84.38,51.19,78.24,45;7;0;0,time,15,-1,0,15,0,0,false,false,english,none,normal,false,false,false,,1732035450000
673cc33972e2e364f4ed793f,,31.19,82.76,46.39,66.13,39;8;0;0,time,15,-1,0,15,0,0,false,false,english,none,normal,false,false,false,,1732035385000
673cc32572e2e364f4ed77c2,,31.19,87.93,46.39,73.51,39;4;0;0,time,15,-1,0,15,0,0,false,false,english,none,normal,false,false,false,,1732035364000
6738fad3cb87917df28643e4,,30.39,83.33,43.19,66.67,38;6;0;0,time,15,-1,0,15,0,0,false,false,english,none,normal,false,false,false,,1731787475000
6738fac0cb87917df286432d,,29.54,86.44,47.1,59.07,37;5;0;0,time,15,-1,0,15.03,0,0,false,false,english,none,normal,false,false,false,,1731787456000
6738faaecb87917df286425e,,35.19,92.73,43.99,78.49,44;2;0;0,time,15,-1,0,15,0,0,false,false,english,none,normal,false,false,false,,1731787438000
6738fa9acb87917df28641a6,,32.78,87.93,46.37,70.34,41;4;0;0,time,15,-1,0,15.01,0,0,false,false,english,none,normal,false,false,false,,1731787418000
672a0bc2cb87917df2d63e7c,,24.8,79.63,43.19,73.55,31;7;0;0,time,15,-1,0,15,0,0,false,false,english,none,normal,false,false,false,,1730808770000
672a0bb0cb87917df2d63d95,,27.98,77.59,46.37,60.11,35;5;4;0,time,15,-1,0,15.01,0,0,false,false,english,none,normal,false,false,false,,1730808752000
6722736550538de2c275bbad,,37.6,90.16,48.8,62.49,47;4;0;0,time,15,-1,0,15,0,0,false,false,english,none,normal,false,false,false,,1730311013000
671ca14e50538de2c235d88d,,33.58,86.89,48.77,67.06,42;6;0;0,time,15,-1,0,15.01,0,0,false,false,english,none,normal,false,false,false,,1729929549000
671ca13b50538de2c235d7e7,,31.17,85.19,43.15,65.17,39;5;0;0,time,15,-1,0,15.02,0,0,false,false,english,none,normal,false,false,false,,1729929531000
671904ab50538de2c20bd2b7,,26.39,85.19,43.18,71.67,33;3;2;0,time,15,-1,0,15.01,0,0,false,false,english,none,normal,false,false,false,,1729692843000
67120ebbda330b33d2072c9a,,43.98,86.11,57.58,79.59,55;7;0;0,time,15,-1,0,15.01,0,0,false,false,english,none,normal,false,false,false,,1729236667000
67120ea8da330b33d2072bc7,,39.94,93.55,49.52,76.85,50;2;0;0,time,15,-1,0,15.02,0,0,false,false,english,none,normal,false,false,false,,1729236648000
67120e95da330b33d2072af8,,33.6,89.29,44.79,73.28,42;4;0;0,time,15,-1,0,15,0,0,false,false,english,none,normal,false,false,false,,1729236629000
67120e83da330b33d2072a3f,,40.78,84.29,55.98,79.8,51;6;1;0,time,15,-1,0,15.01,0,0,false,false,english,none,normal,false,false,false,,1729236611000
67120e08da330b33d20725eb,,34.37,88.14,47.15,80.38,43;4;0;0,time,15,-1,0,15.02,0,0,false,false,english,none,normal,false,false,false,,1729236488000
67120df5da330b33d207253f,,23.99,77.97,47.17,71.44,30;7;0;1,time,15,-1,0,15.01,0,0,false,false,english,none,normal,false,false,false,,1729236469000
67120de3da330b33d207249d,,35.19,87.5,51.19,81.91,44;4;0;0,time,15,-1,0,15,0,0,false,false,english,none,normal,false,false,false,,1729236451000
67120dd2da330b33d2072403,,35.19,90.48,50.38,72.24,44;3;0;0,time,15,-1,0,15.01,0,0,false,false,english,none,normal,false,false,false,,1729236434000
67120dbdda330b33d207233a,,28.79,79.66,47.19,76.39,36;8;0;0,time,15,-1,0,15,0,0,false,false,english,none,normal,false,false,false,,1729236413000
67120daada330b33d207229b,,38.38,87.88,52.78,76.82,48;6;0;0,time,15,-1,0,15.01,0,0,false,false,english,none,normal,false,false,false,,1729236394000
67120d98da330b33d20721e0,,24,80,47.99,72.62,30;7;0;2,time,15,-1,0,15,0,0,false,false,english,none,normal,false,false,false,,1729236376000
67120d87da330b33d2072137,,19.19,81.48,43.17,68.25,24;5;0;0,time,15,-1,0,15.01,0,0,false,false,english,none,normal,false,false,false,,1729236359000
67041d1f3b43e6c05d939f89,,48.79,100,48.79,72.38,61;0;0;0,time,15,-1,0,15,0,0,false,false,english,none,normal,false,false,false,,1728322847000
67041d0c3b43e6c05d939e3e,,36.79,91.07,44.79,69.91,46;3;0;0,time,15,-1,0,15,0,0,false,false,english,none,normal,false,false,false,,1728322828000
67041cfa3b43e6c05d939d00,,33.6,92.31,41.6,63.73,42;2;0;1,time,15,-1,0,15,1,0,false,false,english,none,normal,false,false,false,,1728322809000
67041ce73b43e6c05d939bc7,,34.39,87.88,52.78,74.02,43;4;0;0,time,15,-1,0,15.01,0,0,false,false,english,none,normal,false,false,false,,1728322791000
67041cd43b43e6c05d939a6a,,34.37,89.23,51.96,67.73,43;4;0;0,time,15,-1,0,15.01,0,0,false,false,english,none,normal,false,false,false,,1728322772000
67041cc33b43e6c05d939947,,31.17,83.05,47.15,68.57,39;7;0;1,time,15,-1,0,15.02,0,0,false,false,english,none,normal,false,false,false,,1728322755000
67041cb03b43e6c05d9397ed,,23.2,81.97,48.8,63.58,29;6;0;0,time,15,-1,0,15,0,0,false,false,english,none,normal,false,false,false,,1728322736000
67041c9e3b43e6c05d939693,,38.39,89.39,52.78,69.17,48;4;0;0,time,15,-1,0,15.01,0,0,false,false,english,none,normal,false,false,false,,1728322718000
67041c5f3b43e6c05d93922d,,40.8,91.8,48.8,76.3,102;5;1;0,time,30,-1,3,30,0,29.01,false,false,english,none,normal,false,false,false,,1728322655000
67041bfb3b43e6c05d938af8,true,46.38,96.88,51.18,74.37,116;2;0;0,time,30,-1,2,30.01,0,1.74,false,false,english,none,normal,false,false,false,,1728322555000
67041bd03b43e6c05d9387cd,true,39.6,90.98,48.8,63.03,99;7;0;0,time,30,-1,3,30,0,23.42,false,false,english,none,normal,false,false,false,,1728322512000
67041b733b43e6c05d938166,true,54.39,100,54.39,77.41,68;0;0;0,time,15,-1,2,15,0,14.46,false,false,english,none,normal,false,false,false,,1728322419000
6702ddd33b43e6c05d8560cb,,27.96,81.82,43.01,65.13,78;13;0;1,words,25,-1,1,33.48,0,2.48,false,false,english,none,normal,false,false,false,,1728241107000
6702dda73b43e6c05d855efb,,34.42,88.24,46.47,64.21,100;10;0;0,words,25,-1,0,34.86,0,0,false,false,english,none,normal,false,false,false,,1728241063000
6702dd683b43e6c05d855c63,,18.74,84.62,33.92,52.78,79;10;1;1,words,25,-1,0,50.58,0,0,true,false,english,none,normal,false,false,false,,1728241000000
6702dd2f3b43e6c05d855a2c,,18.33,82.52,32.77,46.97,80;12;4;2,words,25,-1,0,52.36,1,0,true,false,english,none,normal,false,false,false,,1728240943000
6702dcee3b43e6c05d85576d,true,19.98,86.05,34.37,52.64,25;2;1;0,time,15,-1,0,15.01,0,0,true,false,english,none,normal,false,false,false,,1728240878000
6702dc9a3b43e6c05d8553ca,,28.79,88.89,35.99,67.8,36;3;0;0,time,15,-1,0,15,0,0,false,false,english,none,normal,false,false,false,,1728240794000
6702dc833b43e6c05d8552c6,,29.58,86.79,42.37,67.54,37;0;5;0,time,15,-1,0,15.01,0,0,false,false,english,none,normal,false,false,false,,1728240771000
6702dc703b43e6c05d85520c,,18.39,75.51,39.18,60.55,23;7;1;0,time,15,-1,0,15.01,0,0,false,false,english,none,normal,false,false,false,,1728240752000
6702dc5c3b43e6c05d85514d,,29.59,89.8,39.18,62.16,37;3;0;1,time,15,-1,0,15.01,0,0,false,false,english,none,normal,false,false,false,,1728240732000
6702dc4b3b43e6c05d85509c,,16.79,77.78,35.98,59.66,21;6;1;0,time,15,-1,1,15.01,0,2.54,false,false,english,none,normal,false,false,false,,1728240715000
6702cf433b43e6c05d84c55a,,31.19,87.3,50.39,60.94,39;5;0;0,time,15,-1,0,15,0,0,false,false,english,none,normal,false,false,false,,1728237379000
6702cf323b43e6c05d84c49d,,25.59,81.36,47.18,63.5,32;7;0;2,time,15,-1,0,15.01,0,0,false,false,english,none,normal,false,false,false,,1728237362000
6702cf1f3b43e6c05d84c3bf,,45.57,95.31,51.16,68.6,57;1;1;0,time,15,-1,0,15.01,0,0,false,false,english,none,normal,false,false,false,,1728237343000
6702cf0c3b43e6c05d84c2dc,,34.39,90.16,48.79,68.3,43;3;0;0,time,15,-1,0,15,0,0,false,false,english,none,normal,false,false,false,,1728237324000
6702cee73b43e6c05d84c118,,45.57,96.83,50.36,75.1,57;1;0;0,time,15,-1,0,15.01,0,0,false,false,english,none,normal,false,false,false,,1728237287000
6702ceb13b43e6c05d84be9c,,41.59,93.65,50.39,72.24,52;2;0;0,time,15,-1,0,15,0,0,false,false,english,none,normal,false,false,false,,1728237233000
6702ce863b43e6c05d84bcad,,32.79,84.75,47.18,67.23,41;6;0;1,time,15,-1,0,15.01,0,0,false,false,english,none,normal,false,false,false,,1728237190000
6702ce733b43e6c05d84bbdf,,33.59,97.83,36.79,57.99,42;1;0;0,time,15,-1,0,15,1,0,false,false,english,none,normal,false,false,false,,1728237171000
6702ce5e3b43e6c05d84baff,,32,86.79,42.4,69.23,40;4;0;1,time,15,-1,0,15,0,0,false,false,english,none,normal,false,false,false,,1728237150000
6702ce4b3b43e6c05d84ba2d,,34.39,89.66,46.39,64.84,43;4;0;0,time,15,-1,0,15,0,0,false,false,english,none,normal,false,false,false,,1728237131000
6702ce383b43e6c05d84b977,,39.99,89.55,53.59,71.84,50;4;0;0,time,15,-1,0,15,0,0,false,false,english,none,normal,false,false,false,,1728237112000
6702ce273b43e6c05d84b8a6,,42.4,95.16,49.6,62.67,53;2;0;0,time,15,-1,0,15,0,0,false,false,english,none,normal,false,false,false,,1728237095000
6702ce163b43e6c05d84b7f1,,20.78,78.72,37.57,69.47,26;6;0;1,time,15,-1,0,15.01,0,0,false,false,english,none,normal,false,false,false,,1728237078000
6702cdf23b43e6c05d84b654,,36.77,80.6,53.55,80.2,46;8;2;0,time,15,-1,0,15.01,0,0,false,false,english,none,normal,false,false,false,,1728237042000
6702cdbe3b43e6c05d84b443,true,46.39,98.46,51.99,68.85,58;1;0;0,time,15,-1,0,15,0,0,false,false,english,none,normal,false,false,false,,1728236990000
6702cdac3b43e6c05d84b39c,,28.79,76.92,51.99,67.73,36;8;1;0,time,15,-1,0,15,0,0,false,false,english,none,normal,false,false,false,,1728236972000
6702cd9a3b43e6c05d84b2cd,,39.19,92.98,45.58,72.49,49;2;0;0,time,15,-1,5,15.01,0,17.22,false,false,english,none,normal,false,false,false,,1728236954000
6702cd543b43e6c05d84afc5,true,43.98,96.77,49.58,72.25,55;1;0;0,time,15,-1,0,15.01,0,0,false,false,english,none,normal,false,false,false,,1728236884000
6702cd3b3b43e6c05d84aeac,,40.78,87.3,50.38,70.91,51;4;1;0,time,15,-1,3,15.01,0,10.34,false,false,english,none,normal,false,false,false,,1728236859000
6702cd193b43e6c05d84ad20,,20.8,78.18,43.99,72.43,26;8;0;0,time,15,-1,0,15,0,0,false,false,english,none,normal,false,false,false,,1728236825000
6702cd073b43e6c05d84ac6d,,30.39,84.48,46.39,71.88,38;4;2;0,time,15,-1,0,15,0,0,false,false,english,none,normal,false,false,false,,1728236807000
6702ccf13b43e6c05d84ab82,,42.38,100,42.38,72.92,53;0;0;0,time,15,-1,2,15.01,0,4.19,false,false,english,none,normal,false,false,false,,1728236785000
6702ccc33b43e6c05d84a9b0,,32.76,84.62,51.94,75.19,41;4;1;2,time,15,-1,0,15.02,0,0,false,false,english,none,normal,false,false,false,,1728236739000
6702ccb33b43e6c05d84a908,,39.99,87.69,51.99,67.73,50;5;0;1,time,15,-1,0,15,0,0,false,false,english,none,normal,false,false,false,,1728236723000
6702cbbf3b43e6c05d849dee,,30.37,88.14,47.15,69.97,38;4;0;0,time,15,-1,1,15.02,0,4.45,false,false,english,none,normal,false,false,false,,1728236479000
6702cb823b43e6c05d849b21,,30.39,83.61,48.78,75.47,38;7;0;0,time,15,-1,0,15.01,0,0,false,false,english,none,normal,false,false,false,,1728236418000
6702cb6e3b43e6c05d849a38,,27.18,77.59,46.37,63.6,34;8;0;0,time,15,-1,0,15.01,0,0,false,false,english,none,normal,false,false,false,,1728236398000
6702cb5a3b43e6c05d849964,,23.19,78.79,51.98,72.73,29;8;0;0,time,15,-1,0,15.01,0,0,false,false,english,none,normal,false,false,false,,1728236378000
6702cb473b43e6c05d84986d,true,43.18,89.39,52.77,69.17,54;4;1;0,time,15,-1,0,15.01,0,0,false,false,english,none,normal,false,false,false,,1728236359000
6702cb313b43e6c05d84977a,,39.98,82.09,53.58,73.05,50;8;1;0,time,15,-1,0,15.01,0,0,false,false,english,none,normal,false,false,false,,1728236337000
6702caf23b43e6c05d84945d,,31.35,87.19,42.62,62.85,178;16;3;1,words,50,-1,0,68.14,1,73.83,false,false,english,none,normal,false,false,false,,1728236274000
6702ca4a3b43e6c05d848c80,,30.79,89.49,41.25,66.19,206;17;0;0,words,50,-1,0,80.3,0,0,false,false,english,none,normal,false,false,false,,1728236106000
67028e333b43e6c05d81b5cc,,34.87,93.58,42.2,65.66,219;8;1;0,words,50,-1,1,75.36,0,1.73,false,false,english,none,normal,false,false,false,,1728220723000
670289f33b43e6c05d818783,,32.83,93.13,40.6,64.99,211;9;1;0,words,50,-1,0,77.14,0,0,false,false,english,none,normal,false,false,false,,1728219635000
670278843b43e6c05d80d2f8,,28.86,88.39,39.92,62.95,193;16;1;8,words,50,-1,0,80.26,0,0,false,false,english,none,normal,false,false,false,,1728215172000
670277dd3b43e6c05d80cc5b,,32.62,90.36,41.02,66.29,198;14;1;1,words,50,-1,0,72.84,0,0,false,false,english,none,normal,false,false,false,,1728215005000
6702772b3b43e6c05d80c515,,26.29,88.93,35.22,42.43,209;18;1;0,words,50,-1,1,95.39,16,5.18,false,false,english,none,normal,false,false,false,,1728214827000
670276af3b43e6c05d80bfee,,36.37,91.54,45.91,66.1,206;11;2;1,words,50,-1,0,67.96,0,0,false,false,english,none,normal,false,false,false,,1728214703000
6702757d3b43e6c05d80b30d,true,38.27,93.92,43.95,68.19,229;9;1;0,words,50,-1,0,71.8,0,0,false,false,english,none,normal,false,false,false,,1728214397000
670275323b43e6c05d80afed,,28.45,85.32,42.5,64.22,168;20;1;2,words,50,-1,0,70.86,0,0,false,false,english,none,normal,false,false,false,,1728214322000
670274e73b43e6c05d80acab,,32.88,90.37,44.61,68.61,199;14;0;0,words,50,-1,0,72.63,0,0,false,false,english,none,normal,false,false,false,,1728214247000
670274993b43e6c05d80a95d,,28.28,81.56,45.57,62.19,175;32;2;0,words,50,-1,2,74.26,0,60.41,false,false,english,none,normal,false,false,false,,1728214169000
670272c73b43e6c05d809643,,32.26,91.9,41.29,59.97,193;10;0;1,words,50,-1,0,71.79,1,0,false,false,english,none,normal,false,false,false,,1728213703000
670272723b43e6c05d8092f2,,21.35,77.08,41.82,53.66,24;4;2;0,words,10,-1,0,13.49,0,0,false,false,english,none,normal,false,false,false,,1728213618000
670272603b43e6c05d80922d,,30.17,82.61,44.77,63.9,31;5;0;0,words,10,-1,0,12.33,0,0,false,false,english,none,normal,false,false,false,,1728213600000
670272513b43e6c05d809195,,43.1,94,51.31,67.17,42;2;0;0,words,10,-1,2,11.69,0,5.45,false,false,english,none,normal,false,false,false,,1728213585000
6702721e3b43e6c05d808f8c,true,51.02,100,51.02,73.89,44;0;0;0,words,10,-1,0,10.35,0,0,false,false,english,none,normal,false,false,false,,1728213534000
6702720f3b43e6c05d808f01,,28.12,83.64,44.18,64.76,35;5;0;0,words,10,-1,0,14.94,0,0,false,false,english,none,normal,false,false,false,,1728213519000
670271fd3b43e6c05d808e51,,27.04,83.33,39.81,62.43,36;5;1;0,words,10,-1,0,15.98,0,0,false,false,english,none,normal,false,false,false,,1728213501000
670271ea3b43e6c05d808dad,,28.49,79.07,47.12,76.98,26;5;0;0,words,10,-1,0,10.95,0,0,false,false,english,none,normal,false,false,false,,1728213482000
670271dc3b43e6c05d808d27,,32.79,84,47.26,75.34,34;4;1;0,words,10,-1,0,12.44,0,0,false,false,english,none,normal,false,false,false,,1728213468000
670271ce3b43e6c05d808c8d,,27.61,84.21,41.79,63.21,37;5;0;1,words,10,-1,0,16.08,0,24.56,false,false,english,none,normal,false,false,false,,1728213454000
670271943b43e6c05d808a3c,,34.62,92.59,44.51,60.81,42;2;0;0,words,10,-1,0,14.56,0,0,false,false,english,none,normal,false,false,false,,1728213396000
670271713b43e6c05d8088c9,,25.91,82.14,43.97,65.02,33;6;0;0,words,10,-1,0,15.28,0,0,false,false,english,none,normal,false,false,false,,1728213361000
6702715f3b43e6c05d808804,,45.19,96.15,50.1,72.27,46;1;0;0,words,10,-1,0,12.22,0,0,false,false,english,none,normal,false,false,false,,1728213343000
670271503b43e6c05d808772,,40.31,84.75,49.55,72.99,48;6;1;0,words,10,-1,0,14.29,0,0,false,false,english,none,normal,false,false,false,,1728213328000
6702713f3b43e6c05d8086c2,,29.97,82.61,43.08,70.39,32;4;1;0,words,10,-1,0,12.81,0,0,false,false,english,none,normal,false,false,false,,1728213311000
670271303b43e6c05d808614,,41.9,86.54,53.14,79.95,41;4;1;0,words,10,-1,0,11.74,0,0,false,false,english,none,normal,false,false,false,,1728213296000
670271213b43e6c05d80859d,,28.57,87.27,43.64,62.97,36;4;0;0,words,10,-1,0,15.12,0,0,false,false,english,none,normal,false,false,false,,1728213281000
670271103b43e6c05d8084f9,,42.19,89.47,57.26,83.8,42;3;1;0,words,10,-1,0,11.95,0,0,false,false,english,none,normal,false,false,false,,1728213264000
670270ef3b43e6c05d8083ab,,39.43,88.46,53.96,76.63,38;3;0;0,words,10,-1,0,11.56,0,0,false,false,english,none,normal,false,false,false,,1728213231000
67026fd83b43e6c05d807904,,37.75,91.84,45.31,64.98,40;2;0;0,words,10,-1,0,12.71,0,9.77,false,false,english,none,normal,false,false,false,,1728212952000
67026fb83b43e6c05d8077d7,,40.33,89.58,49.64,78.46,39;0;4;0,words,10,-1,0,11.6,0,0,false,false,english,none,normal,false,false,false,,1728212920000
67026fa83b43e6c05d80773c,,25.3,81.16,41.77,62.25,83;15;2;0,words,25,-1,0,39.36,0,0,false,false,english,none,normal,false,false,false,,1728212904000
67026f7d3b43e6c05d8075b9,,26.83,85.94,41.88,63.65,82;10;0;0,words,25,-1,0,36.68,0,0,false,false,english,none,normal,false,false,false,,1728212861000
67026f543b43e6c05d80740b,,29.43,84.33,43.82,72.02,90;13;0;0,words,25,-1,0,36.7,0,0,false,false,english,none,normal,false,false,false,,1728212820000
67026f223b43e6c05d80724c,,30.79,77.78,50.38,75.88,77;18;2;0,time,30,-1,0,30.01,0,0,false,false,english,none,normal,false,false,false,,1728212770000
67026ef73b43e6c05d8070be,,35.59,90,47.98,78.59,89;5;2;0,time,30,-1,0,30.01,0,0,false,false,english,none,normal,false,false,false,,1728212727000
67026ed43b43e6c05d806f56,true,35.59,88.43,48.39,75.64,89;8;0;1,time,30,-1,0,30,0,0,false,false,english,none,normal,false,false,false,,1728212692000
67026e9c3b43e6c05d806d40,,32.77,86.89,48.75,75.47,41;3;2;0,time,15,-1,0,15.02,0,15,false,false,english,none,normal,false,false,false,,1728212636000
67026e3f3b43e6c05d80697b,,41.5,90,50.9,65.4,106;8;0;0,words,25,-1,0,30.65,0,0,false,false,english,none,normal,false,false,false,,1728212543000
6700ed113b43e6c05d72cd7d,,43.64,93.75,53.81,78.95,103;2;2;1,words,25,-1,0,28.32,0,0,false,false,english,none,normal,false,false,false,,1728113937000
6700e9aa3b43e6c05d72b17c,true,31.18,88.19,43.9,67.8,385;35;2;0,words,100,-1,0,148.17,1,0,false,false,english,none,normal,false,false,false,,1728113066000
6700e8bb3b43e6c05d72a9b0,true,25.34,82.42,43.73,66.09,306;52;3;3,words,100,-1,0,144.9,0,0,false,false,english,none,normal,false,false,false,,1728112827000
6700e80c3b43e6c05d72a3bb,,27.9,86.63,40.4,68.4,279;30;2;0,time,120,-1,0,120.01,1,0,false,false,english,none,normal,false,false,false,,1728112652000
6700e77b3b43e6c05d729eec,,24.79,76,39.99,62.6,31;7;1;1,time,15,-1,0,15.01,0,0,false,false,english,none,normal,false,false,false,,1728112507000
6700e7573b43e6c05d729ddb,,28.8,87.72,45.6,70.86,36;3;1;0,time,15,-1,0,15,0,0,false,false,english,none,normal,false,false,false,,1728112471000
6700e7303b43e6c05d729c68,,23.18,80,43.97,59.37,29;6;1;1,time,15,-1,0,15.01,0,0,false,false,english,none,normal,false,false,false,,1728112432000
6700e71f3b43e6c05d729bd9,,25.59,83.02,42.38,69.23,32;5;0;0,time,15,-1,0,15.01,0,0,false,false,english,none,normal,false,false,false,,1728112415000
6700e70d3b43e6c05d729b3b,,28.79,87.04,43.18,61,36;5;0;0,time,15,-1,0,15.01,0,0,false,false,english,none,normal,false,false,false,,1728112397000
6700e6e93b43e6c05d7299f2,,26.39,83.93,44.78,68.36,33;6;0;0,time,15,-1,0,15.01,0,0,false,false,english,none,normal,false,false,false,,1728112361000
6700e6d43b43e6c05d729932,,20,78.22,40.39,64.46,50;13;0;1,time,30,-1,0,30.01,0,0,false,false,english,none,normal,false,false,false,,1728112340000
6700e6b33b43e6c05d729810,,29.59,86.67,41.98,59.79,74;8;1;0,time,30,-1,0,30.02,1,0,false,false,english,none,normal,false,false,false,,1728112307000
6700e6923b43e6c05d7296e2,,20.8,77.36,42.39,68.38,52;13;1;0,time,30,-1,0,30.01,0,0,false,false,english,none,normal,false,false,false,,1728112274000
6700e66e3b43e6c05d7295c2,,33.2,94.12,40.8,68.15,83;3;0;0,time,30,-1,0,30,0,0,false,false,english,none,normal,false,false,false,,1728112238000
6700e6293b43e6c05d729394,,27.2,79.09,43.99,70.69,68;14;1;1,time,30,-1,1,30,0,7.1,false,false,english,none,normal,false,false,false,,1728112169000
6700e5fe3b43e6c05d729233,,27.2,81.03,46.4,67.47,68;12;2;0,time,30,-1,0,30,0,0,false,false,english,none,normal,false,false,false,,1728112126000
6700e5d43b43e6c05d7290d8,,33.2,89.83,47.19,73.8,83;7;0;0,time,30,-1,0,30,0,0,false,false,english,none,normal,false,false,false,,1728112084000
6700e5af3b43e6c05d728f95,,28.79,83.33,47.98,75.85,36;6;0;0,time,15,-1,0,15.01,0,0,false,false,english,none,normal,false,false,false,,1728112047000
6700e59a3b43e6c05d728eda,,37.58,91.53,47.17,72.99,47;2;1;0,time,15,-1,0,15.01,0,0,false,false,english,none,normal,false,false,false,,1728112026000
6700e5573b43e6c05d728cb2,,26.45,83.45,43.77,66.51,84;12;2;0,words,25,-1,0,38.11,0,0,false,false,english,none,normal,false,false,false,,1728111959000
67002cb73b43e6c05d6c18d7,,23.29,80.88,47.63,68.77,66;14;1;1,words,25,-1,0,34.01,0,0,false,false,english,none,normal,false,false,false,,1728064695000
67002c643b43e6c05d6c1378,,29.45,86.13,44.33,67.85,91;11;0;0,words,25,-1,0,37.08,0,0,false,false,english,none,normal,false,false,false,,1728064612000
67002c113b43e6c05d6c0e16,,31.38,87.5,45.13,70.09,89;8;1;0,words,25,-1,0,34.03,0,0,false,false,english,none,normal,false,false,false,,1728064529000
670026093b43e6c05d6ba478,,40.67,93.43,46.82,69.15,119;5;0;0,words,25,-1,0,35.12,0,34.46,false,false,english,none,normal,false,false,false,,1728062985000
670025bb3b43e6c05d6b9f34,,30.06,82.96,41.96,60.85,96;17;0;0,words,25,-1,0,38.32,0,0,false,false,english,none,normal,false,false,false,,1728062907000
670004e73b43e6c05d6941fa,true,50.68,98.35,52.41,73.45,117;1;0;0,words,25,-1,0,27.7,0,0,false,false,english,none,normal,false,false,false,,1728054503000
670004c13b43e6c05d693f11,,34.87,91.47,43.67,65.59,103;5;1;0,words,25,-1,0,35.45,0,0,false,false,english,none,normal,false,false,false,,1728054465000
670004543b43e6c05d693683,true,37.27,91.27,46.04,63.27,102;6;0;1,words,25,-1,0,32.84,0,0,false,false,english,none,normal,false,false,false,,1728054356000
66f98abe66c51bbe1466eaca,true,29.2,91.62,35.8,62.05,292;17;0;2,time,120,-1,0,120.01,4,0,false,false,english,none,normal,false,false,false,,1727630014000
66f7064c66c51bbe144fe9df,true,19.4,84.42,32.1,46.18,194;25;2;5,time,120,-1,1,120,7,10.04,false,false,english,none,normal,false,false,false,,1727465036000
66f705ab66c51bbe144fe111,true,15.2,78.95,30.4,46.97,152;35;2;2,time,120,-1,1,120,12,3.76,false,false,english,none,normal,false,false,false,,1727464874000
66f7051e66c51bbe144fd932,,22.61,81.63,41.04,63.85,27;5;0;0,words,10,-1,0,14.33,0,0,false,false,english,none,normal,false,false,false,,1727464734000
66f703a966c51bbe144fc410,,18.74,75.93,36.78,61.53,27;5;3;1,words,10,-1,0,17.29,0,0,false,false,english,none,normal,false,false,false,,1727464361000
66f7039666c51bbe144fc2e5,,24.3,77.19,41.24,64.66,33;8;1;0,words,10,-1,0,16.3,0,0,false,false,english,none,normal,false,false,false,,1727464342000
66f7038266c51bbe144fc1d9,,35.49,92.45,42.92,66.5,43;2;0;0,words,10,-1,1,14.54,0,4.62,false,false,english,none,normal,false,false,false,,1727464322000
66f7035266c51bbe144fbf13,,20.39,80.77,38.51,67.69,27;6;0;1,words,10,-1,0,15.89,0,0,false,false,english,none,normal,false,false,false,,1727464274000
66f7033f66c51bbe144fbdfa,,24.64,80.43,41.07,57.88,27;5;0;0,words,10,-1,0,13.15,0,0,false,false,english,none,normal,false,false,false,,1727464255000
66f7031766c51bbe144fbbeb,,25.1,79.55,39.97,60.46,27;5;1;0,words,10,-1,0,12.91,0,0,false,false,english,none,normal,false,false,false,,1727464215000
66f7030766c51bbe144fbb01,,24.81,83.33,37.22,68.82,32;5;0;0,words,10,-1,0,15.48,0,0,false,false,english,none,normal,false,false,false,,1727464199000
66f702f566c51bbe144fb9e6,,26.64,90.91,35.73,72.79,41;2;1;0,words,10,-1,0,18.47,0,0,false,false,english,none,normal,false,false,false,,1727464181000
66f702da66c51bbe144fb858,,23.42,83.33,39.52,65.46,32;5;0;0,words,10,-1,0,16.4,0,0,false,false,english,none,normal,false,false,false,,1727464154000
66f702c566c51bbe144fb724,,17.87,84.31,32.55,58.86,28;5;0;0,words,10,-1,0,18.8,0,0,false,false,english,none,normal,false,false,false,,1727464133000
66f702a666c51bbe144fb55d,,26.14,92.31,31.74,50.84,42;2;0;0,words,10,-1,0,19.28,1,0,false,false,english,none,normal,false,false,false,,1727464102000
66f7028b66c51bbe144fb3a9,,39.69,100,39.69,61.51,42;0;0;0,words,10,-1,0,12.7,0,0,false,false,english,none,normal,false,false,false,,1727464075000
66f6d47166c51bbe144c9e67,,30.46,78.26,45.7,63.29,30;6;0;1,words,10,-1,0,11.82,0,0,false,false,english,none,normal,false,false,false,,1727452273000
66f6d46066c51bbe144c9d10,,28.09,90.57,40.23,62.56,37;3;0;0,words,10,-1,6,15.81,0,100.46,false,false,english,none,normal,false,false,false,,1727452256000
66f6d10a66c51bbe144c5d59,,20.38,77.78,42.33,68.8,26;7;0;0,words,10,-1,0,15.31,0,0,false,false,english,none,normal,false,false,false,,1727451402000
66f5a45866c51bbe143ed008,,38.97,87.23,49.8,54.08,36;3;1;0,words,10,-1,0,11.08,0,0,false,false,english,none,normal,false,false,false,,1727374424000
66f5a41466c51bbe143ecb51,,25.19,78.72,41.38,51.52,28;6;0;0,words,10,-1,2,13.34,0,10.19,false,false,english,none,normal,false,false,false,,1727374356000
66f5a3f566c51bbe143ec932,,44.49,95.65,49.91,72.16,41;1;0;0,words,10,-1,2,11.06,0,3.46,false,false,english,none,normal,false,false,false,,1727374325000
66f5a3dd66c51bbe143ec7b5,,36.62,92.31,47.89,77.25,39;2;0;0,words,10,-1,6,12.78,0,21.58,false,false,english,none,normal,false,false,false,,1727374301000
66f5a37166c51bbe143ec04e,,32.91,82.22,41.38,58.18,35;5;1;0,words,10,-1,2,12.76,0,2.16,false,false,english,none,normal,false,false,false,,1727374193000
66f5a35a66c51bbe143ebeb6,,45.04,90.91,53.85,67.68,46;3;0;0,words,10,-1,0,12.26,0,0,false,false,english,none,normal,false,false,false,,1727374170000
66f5a34a66c51bbe143ebd7c,,30.41,84.91,43.92,64.41,36;5;0;0,words,10,-1,5,14.21,0,43.89,false,false,english,none,normal,false,false,false,,1727374154000
66f5a2ce66c51bbe143eb49c,,41.53,95.56,46.72,64.35,40;1;0;0,words,10,-1,0,11.56,0,0,false,false,english,none,normal,false,false,false,,1727374030000
66f5a02566c51bbe143e84c0,,44.19,94.12,50.08,72.69,45;1;1;0,words,10,-1,0,12.22,0,12.59,false,false,english,none,normal,false,false,false,,1727373349000
66f59ff366c51bbe143e8126,,42.36,92.16,52.69,57.74,41;1;1;1,words,10,-1,5,11.62,1,21.84,false,false,english,none,normal,false,false,false,,1727373299000
66f59fb566c51bbe143e7cb7,,46.33,95.65,48.48,64.96,43;1;0;0,words,10,-1,0,11.14,0,0,false,false,english,none,normal,false,false,false,,1727373237000
66f59f6b66c51bbe143e7735,true,24.14,83.76,36.39,54.81,335;45;4;2,words,100,-1,0,166.51,8,0,false,false,english,none,normal,false,false,false,,1727373163000
66f59b2f66c51bbe143e26ff,true,22.24,85.63,34.87,56.37,324;37;1;6,words,100,-1,1,174.81,6,9.8,false,false,english,none,normal,false,false,false,,1727372079000
66f5999566c51bbe143e08b1,true,20.41,80.85,35.22,58.32,299;58;0;9,words,100,-1,0,175.8,3,0,false,false,english,none,normal,false,false,false,,1727371669000
66f598cd66c51bbe143dfa32,,26.43,81.16,41.93,61.16,87;16;2;1,words,25,-1,5,39.49,1,29.84,false,false,english,none,normal,false,false,false,,1727371469000
66f5987a66c51bbe143df42e,,31.66,92.37,40.26,57.95,103;6;0;0,words,25,-1,3,39.05,0,19.02,false,false,english,none,normal,false,false,false,,1727371386000
66f5983766c51bbe143def5e,,30.17,87.41,41.09,59.63,105;10;1;0,words,25,-1,0,41.77,0,0,false,false,english,none,normal,false,false,false,,1727371319000
66f5980766c51bbe143dec1d,,17.36,80.74,35.25,64.84,66;13;1;0,words,25,-1,1,45.62,0,7.95,false,false,english,none,normal,false,false,false,,1727371271000
66f597cd66c51bbe143de7ee,,22.56,82.22,38.27,58.48,79;15;0;0,words,25,-1,2,42.01,0,20.73,false,false,english,none,normal,false,false,false,,1727371213000
66f5976166c51bbe143de012,,31.21,88.89,41,60.44,102;8;1;1,words,25,-1,0,39.22,1,0,false,false,english,none,normal,false,false,false,,1727371105000
66f5972c66c51bbe143ddc20,true,21.49,90.14,29.35,44.46,104;4;5;1,words,25,-1,2,58.07,2,48.15,true,false,english,none,normal,false,false,false,,1727371052000
66f596a766c51bbe143dd1b8,,22.98,84.62,37.82,62.17,79;11;0;0,words,25,-1,0,41.25,1,0,false,false,english,none,normal,false,false,false,,1727370919000
66f473b666c51bbe142ffcd9,,21.52,86.47,33.28,56.85,86;9;0;1,words,25,-1,0,47.96,2,0,false,false,english,none,normal,false,false,false,,1727296438000
66f4738366c51bbe142ffa5d,,18.82,85.71,32.94,57.59,80;11;0;0,words,25,-1,0,51,2,0,false,false,english,none,normal,false,false,false,,1727296387000
66f4734966c51bbe142ff7ce,,27.53,91.37,34.48,62.1,111;5;2;0,words,25,-1,0,48.38,0,0,false,false,english,none,normal,false,false,false,,1727296329000
66f4731566c51bbe142ff551,,18.94,81.4,33.67,58.17,72;11;2;1,words,25,-1,1,45.61,1,1.36,false,false,english,none,normal,false,false,false,,1727296277000
66f46bff66c51bbe142f9a74,,21.82,82.84,36.27,56.35,80;11;3;1,words,25,-1,1,44,1,2.75,false,false,english,none,normal,false,false,false,,1727294463000
66f46baa66c51bbe142f962c,,16,75,25.59,39.02,20;6;0;0,time,15,-1,0,15,2,0,false,false,english,none,normal,false,false,false,,1727294378000
66f308a066c51bbe141dc8b8,,32,90.91,44,69.04,40;2;1;0,time,15,-1,1,15,0,2.23,false,false,english,none,normal,false,false,false,,1727203488000
66f3087e66c51bbe141dc65b,,37.6,96.15,41.59,63.73,47;1;0;0,time,15,-1,4,15,1,7.51,false,false,english,none,normal,false,false,false,,1727203454000
66f3084e66c51bbe141dc2c8,,40,89.66,46.4,79.17,50;3;1;0,time,15,-1,3,15,0,9.77,false,false,english,none,normal,false,false,false,,1727203406000
66f3082066c51bbe141dbfba,true,41.55,96.49,45.55,74.22,52;1;0;0,time,15,-1,1,15.02,0,2.45,false,false,english,none,normal,false,false,false,,1727203360000
66f3080266c51bbe141dbd9e,,40,96.43,44.8,73.28,50;1;0;0,time,15,-1,3,15,0,7.12,false,false,english,none,normal,false,false,false,,1727203330000
66f307da66c51bbe141dbae1,true,40.8,94.55,44,69.04,51;2;0;0,time,15,-1,1,15,0,5.07,false,false,english,none,normal,false,false,false,,1727203290000
66f3077966c51bbe141db3e3,,36,83.61,48.8,79.01,45;6;1;0,time,15,-1,3,15,0,50.45,false,false,english,none,normal,false,false,false,,1727203193000
66f306b566c51bbe141da60d,,36,89.66,46.4,81.43,45;3;1;0,time,15,-1,2,15,0,17.3,false,false,english,none,normal,false,false,false,,1727202997000
66f3068b66c51bbe141da311,true,40,94.64,44.8,77.13,50;2;0;0,time,15,-1,0,15,0,0,false,false,english,none,normal,false,false,false,,1727202955000
66f3067466c51bbe141da19a,,30.4,88.46,41.6,63.73,38;4;0;1,time,15,-1,1,15,0,2.23,false,false,english,none,normal,false,false,false,,1727202932000
66f3065c66c51bbe141d9fc5,true,39.2,98.04,40.8,68.15,49;0;0;1,time,15,-1,2,15,0,2.83,false,false,english,none,normal,false,false,false,,1727202908000
66f3064166c51bbe141d9dd0,true,35.2,95.83,38.39,45.24,44;1;0;0,time,15,-1,2,15,1,9.47,false,false,english,none,normal,false,false,false,,1727202881000
66f305ff66c51bbe141d998b,true,33.09,92.37,40.63,66.31,202;8;1;1,words,50,-1,2,73.25,0,12.15,false,false,english,none,normal,false,false,false,,1727202815000
66f3058666c51bbe141d9129,true,33.07,95.65,37.44,61.91,121;3;0;0,words,25,-1,1,43.91,0,27.33,false,false,english,none,normal,false,false,false,,1727202694000
66f304ea66c51bbe141d8594,,25.27,93.28,29.77,54.28,101;4;0;0,words,25,-1,0,47.96,2,0,false,false,english,none,normal,false,false,false,,1727202538000
66f304b666c51bbe141d81ca,,17.27,81.4,32.29,54.25,69;12;1;0,words,25,-1,1,47.94,2,17.61,false,false,english,none,normal,false,false,false,,1727202486000
66f3044566c51bbe141d7969,,21.49,92.36,28.19,53.5,109;5;0;1,words,25,-1,0,60.88,3,52.8,false,false,english,none,normal,false,false,false,,1727202373000
66f303c266c51bbe141d6f3d,,15.27,83.1,30.54,53.97,71;11;1;2,words,25,-1,0,55.79,3,0,false,false,english,none,normal,false,false,false,,1727202242000
66f3015466c51bbe141d41c6,,17.7,83.61,33.22,58.43,65;10;0;0,words,25,-1,1,44.07,1,62.82,false,false,english,none,normal,false,false,false,,1727201620000
66f300e266c51bbe141d3955,,22.97,86.18,34.03,65.41,83;10;0;1,words,25,-1,0,43.37,0,0,false,false,english,none,normal,false,false,false,,1727201506000
66f068df66c51bbe14fd6007,,26.64,91.2,35.05,56.87,95;5;0;1,words,25,-1,3,42.8,2,18.13,false,false,english,none,normal,false,false,false,,1727031519000
66f0689666c51bbe14fd5d12,,15.8,80.8,30.61,47.17,64;12;1;1,words,25,-1,0,48.61,5,0,false,false,english,none,normal,false,false,false,,1727031446000
66f0540a66c51bbe14fc77e0,,19.23,84.67,32.53,55.32,81;12;0;0,words,25,-1,0,50.54,1,0,false,false,english,none,normal,false,false,false,,1727026186000
66f053b366c51bbe14fc741a,,18.34,80,33.21,54.54,74;16;1;0,words,25,-1,0,48.42,2,0,false,false,english,none,normal,false,false,false,,1727026099000
66efe78b66c51bbe14f7c523,,22.07,81.68,37.54,63.83,77;15;0;1,words,25,-1,0,41.87,0,0,false,false,english,none,normal,false,false,false,,1726998411000
66ef232c66c51bbe14f1c820,,21.44,78.23,38.18,54.67,82;18;4;2,words,25,-1,0,45.89,1,0,false,false,english,none,normal,false,false,false,,1726948140000
66ef144a66c51bbe14f13bc4,,17.15,84.33,27.35,42.69,84;13;0;0,words,25,-1,0,58.79,5,0,false,false,english,none,normal,false,false,false,,1726944330000
66ef06ba66c51bbe14f0aab2,,28.14,89.58,37.17,57.24,109;9;0;1,words,25,-1,0,46.48,3,0,false,false,english,none,normal,false,false,false,,1726940858000
66ef068666c51bbe14f0a87a,,28.32,86.62,39.15,65.14,102;10;2;0,words,25,-1,2,43.22,0,18.81,false,false,english,none,normal,false,false,false,,1726940806000
66ef060c66c51bbe14f0a332,,21.53,86.72,29.09,44.81,94;10;0;0,words,25,-1,0,52.39,5,0,false,false,english,none,normal,false,false,false,,1726940684000
66edb24366c51bbe14e3a231,,20.12,86.99,29.11,49.88,85;9;0;0,words,25,-1,0,50.7,3,48.61,false,false,english,none,normal,false,false,false,,1726853699000
66ec373b66c51bbe14d0135e,,29.42,93.13,35.09,60.47,109;5;0;0,words,25,-1,0,44.45,2,0,false,false,english,none,normal,false,false,false,,1726756667000
66ec370866c51bbe14d00f5f,true,31.45,96.92,35.24,61.25,116;2;0;0,words,25,-1,1,44.26,1,10.4,false,false,english,none,normal,false,false,false,,1726756616000
66ec24bf66c51bbe14ceb0df,,27.98,90.98,33.86,50.76,100;5;0;0,words,25,-1,2,42.88,2,7.34,false,false,english,none,normal,false,false,false,,1726751935000
66ebbe1f66c51bbe14ca0c2d,true,29.33,92.65,34.39,57.82,116;6;0;1,words,25,-1,1,47.46,2,1.87,false,false,english,none,normal,false,false,false,,1726725663000
66eb370b66c51bbe14c52a27,,23.09,82.48,33.88,56.29,92;11;2;5,quote,6493,1,0,47.82,1,0,false,false,english,none,normal,false,false,false,,1726691083000
66eb364066c51bbe14c520fd,,18.43,77.55,34.73,66.99,26;6;0;0,words,10,-1,0,16.93,0,0,false,false,english,none,normal,false,false,false,,1726690880000
66eb362b66c51bbe14c5202d,,14.58,80.36,26.74,41.43,30;7;0;0,words,10,-1,1,24.68,2,4.82,false,false,english,none,normal,false,false,false,,1726690859000
66eb2c1366c51bbe14c4a05a,,24.6,85.71,38.89,45.47,31;4;0;0,words,10,-1,2,15.12,0,7.72,false,false,english,none,normal,false,false,false,,1726688275000
66eb284d66c51bbe14c46c1a,,38.91,92.16,43.14,58.71,46;3;0;0,words,10,-1,0,14.19,0,0,false,false,english,none,normal,false,false,false,,1726687309000
66eb15b066c51bbe14c33fa4,true,50.94,100,50.94,68.5,50;0;0;0,words,10,-1,4,11.78,0,22.22,false,false,english,none,normal,false,false,false,,1726682544000
66eb156b66c51bbe14c33aa4,true,35.11,93.62,39.29,58.23,42;2;0;0,words,10,-1,2,14.35,0,6.95,false,false,english,none,normal,false,false,false,,1726682475000
66eb154e66c51bbe14c33889,,27.16,84.62,41.54,54.55,34;5;0;0,words,10,-1,3,15.02,0,67.2,false,false,english,none,normal,false,false,false,,1726682446000
66eb14db66c51bbe14c330d8,true,28.26,77.78,45.41,72.84,28;5;1;0,words,10,-1,0,11.89,0,0,false,false,english,none,normal,false,false,false,,1726682331000
66eb14aa66c51bbe14c32d65,true,18.54,83.46,26.61,48.65,179;19;2;0,words,50,-1,5,115.88,4,83.06,false,false,english,none,normal,false,false,false,,1726682282000
66eb12a666c51bbe14c306d4,true,21.58,79.17,38.37,55.56,27;4;2;0,time,15,-1,1,15.01,0,2.39,false,false,english,none,normal,false,false,false,,1726681766000
66eb126266c51bbe14c30214,true,27.99,84.57,36.39,57.83,140;11;3;1,time,60,-1,0,60.02,2,0,false,false,english,none,normal,false,false,false,,1726681698000
66eb11bb66c51bbe14c2f69e,,31.18,86.32,37.18,60.01,78;7;2;0,time,30,-1,0,30.02,1,0,false,false,english,none,normal,false,false,false,,1726681531000
66eb117c66c51bbe14c2f252,,34.4,92.71,38.4,64.47,86;4;1;1,time,30,-1,1,30,0,119.49,false,false,english,none,normal,false,false,false,,1726681468000
66eb107866c51bbe14c2e01d,,23.6,80.23,32.4,53.49,59;8;0;0,time,30,-1,0,30,0,0,false,false,english,none,normal,false,false,false,,1726681208000
66e9e0339f671a0853ef146b,true,35.2,91.84,37.6,65.62,88;2;1;0,time,30,-1,0,30,0,0,false,false,english,none,normal,false,false,false,,1726603315000
66e9d4799f671a0853ee6bfe,,31.2,91.3,35.6,57.99,78;2;1;0,time,30,-1,4,30,1,112.57,false,false,english,none,normal,false,false,false,,1726600313000
66e9d0a39f671a0853ee318e,true,35.18,94.85,37.57,66.43,88;1;0;0,time,30,-1,0,30.02,0,0,false,false,english,none,normal,false,false,false,,1726599331000